Correlation (pandas),Correlation (custom)
0.021574176468584342,0.021574176468584293
